{
    "drive": {
      "p": 0.0020645,
      "i": 0,
      "d": 0,
      "f": 0,
      "iz": 0
    },
    "angle": {
      "p": 0.01,
      "i": 0.00001,
      "d": 0.00000005,
      "f": 0,
      "iz": 0
    }
  }